shopper_id,last_purchase,frequency,monetary,recency_days,recency_score,frequency_score,monetary_score,rfm_score,customer_segment
10007,2025-02-09 20:37:34,1,218.32,324,1,1,2,112,Lost
10012,2025-09-21 10:45:30,1,77.42,101,4,1,1,411,New Customers
10014,2025-07-15 07:15:29,1,422.84,169,3,1,4,314,Needs Attention
10033,2025-03-20 14:03:26,1,186.04,286,1,1,2,112,Lost
10034,2025-02-21 02:32:35,1,460.99,313,1,1,5,115,Lost
10035,2025-11-08 15:04:22,2,553.95,53,5,5,5,555,Champions
10041,2025-06-12 06:04:23,1,245.09,202,3,1,3,313,Needs Attention
10043,2025-05-04 02:30:56,1,21.05,241,2,1,1,211,Lost
10044,2025-03-25 03:12:16,1,97.86,281,2,1,1,211,Lost
10045,2025-08-18 09:01:53,1,221.03,135,4,1,2,412,New Customers
10046,2025-03-12 03:40:11,1,413.62,294,1,1,4,114,Lost
10051,2025-09-23 18:37:27,2,238.43,98,4,5,3,453,Champions
10052,2025-06-28 04:09:26,1,215.46,186,3,1,2,312,Needs Attention
10055,2025-04-18 22:48:46,1,131.11,256,2,1,2,212,Lost
10057,2025-06-25 14:04:43,1,355.76,189,3,1,4,314,Needs Attention
10063,2025-01-18 18:46:53,1,334.69,346,1,1,4,114,Lost
10066,2025-07-22 04:49:50,1,152.13,162,3,1,2,312,Needs Attention
10073,2025-03-02 01:00:59,1,396.88,304,1,1,4,114,Lost
10076,2025-03-17 07:10:15,1,30.07,289,1,1,1,111,Lost
10090,2025-10-21 20:32:25,1,467.09,70,4,1,5,415,New Customers
10092,2025-03-31 01:57:00,1,440.75,275,2,1,5,215,Lost
10093,2025-10-14 00:08:04,1,498.38,78,4,1,5,415,New Customers
10098,2025-05-06 18:56:48,2,852.79,238,2,5,5,255,At Risk
10099,2025-04-04 00:18:17,1,496.22,271,2,1,5,215,Lost
10101,2025-08-03 06:20:35,1,164.95,150,3,1,2,312,Needs Attention
10103,2025-05-06 23:46:41,1,474.19,238,2,1,5,215,Lost
10122,2025-05-24 00:47:02,1,95.22,221,2,1,1,211,Lost
10125,2025-01-29 10:23:23,1,485.45,336,1,1,5,115,Lost
10144,2025-11-03 00:04:35,1,482.19,58,5,1,5,515,New Customers
10148,2025-01-31 09:43:39,1,437.38,334,1,1,5,115,Lost
10149,2025-06-21 23:49:52,1,83.95,192,3,1,1,311,Needs Attention
10156,2025-06-15 21:26:36,1,286.62,198,3,1,3,313,Needs Attention
10157,2025-07-26 08:29:06,1,236.44,158,3,1,3,313,Needs Attention
10161,2025-07-03 13:20:07,1,186.67,181,3,1,2,312,Needs Attention
10163,2025-10-05 10:15:05,1,494.61,87,4,1,5,415,New Customers
10164,2025-06-12 20:10:54,1,277.88,201,3,1,3,313,Needs Attention
10166,2025-09-17 20:58:24,1,224.1,104,4,1,2,412,New Customers
10167,2025-04-09 14:06:20,1,180.55,266,2,1,2,212,Lost
10168,2025-02-05 05:07:01,1,88.56,329,1,1,1,111,Lost
10182,2025-01-10 02:34:10,1,163.84,355,1,1,2,112,Lost
10190,2025-05-29 16:03:38,1,303.76,216,2,1,3,213,Lost
10199,2025-12-04 19:05:59,2,532.74,26,5,5,5,555,Champions
10208,2025-10-06 00:28:28,1,399.75,86,4,1,4,414,New Customers
10215,2025-02-05 05:37:09,1,469.99,329,1,1,5,115,Lost
10222,2025-07-14 03:40:05,2,199.05,170,3,5,2,352,Loyal Customers
10226,2025-11-25 23:09:33,1,148.39,35,5,1,2,512,New Customers
10227,2025-07-24 20:48:32,1,237.84,159,3,1,3,313,Needs Attention
10230,2025-11-29 06:16:58,1,425.03,32,5,1,4,514,New Customers
10232,2025-06-07 02:35:39,1,395.53,207,2,1,4,214,Lost
10245,2025-01-28 12:20:00,1,14.07,337,1,1,1,111,Lost
10246,2025-06-26 23:25:18,1,267.12,187,3,1,3,313,Needs Attention
10258,2025-07-28 17:25:22,2,387.42999999999995,155,3,5,4,354,Loyal Customers
10259,2025-10-28 19:26:11,1,366.24,63,5,1,4,514,New Customers
10264,2025-04-18 17:32:48,1,408.72,256,2,1,4,214,Lost
10267,2025-10-25 04:48:16,1,13.57,67,5,1,1,511,New Customers
10270,2025-04-14 18:18:50,1,404.5,260,2,1,4,214,Lost
10273,2025-12-15 10:24:51,1,436.06,16,5,1,5,515,New Customers
10275,2025-12-09 03:21:37,1,31.99,22,5,1,1,511,New Customers
10287,2025-08-22 19:58:42,1,372.14,130,4,1,4,414,New Customers
10296,2025-01-30 04:11:01,1,312.46,335,1,1,3,113,Lost
10307,2025-03-07 18:04:45,2,429.13,298,1,5,4,154,At Risk
10322,2025-07-04 07:24:29,1,318.48,180,3,1,3,313,Needs Attention
10324,2025-04-02 18:29:19,1,197.91,272,2,1,2,212,Lost
10329,2025-03-02 03:02:20,1,389.26,304,1,1,4,114,Lost
10335,2025-09-04 15:48:07,1,235.57,118,4,1,3,413,New Customers
10341,2025-08-21 20:24:54,1,116.25,131,4,1,2,412,New Customers
10344,2025-06-22 22:42:37,1,69.53,191,3,1,1,311,Needs Attention
10359,2025-05-10 14:48:30,1,13.61,235,2,1,1,211,Lost
10365,2025-10-16 08:07:15,2,526.12,76,4,5,5,455,Champions
10366,2025-09-17 15:02:06,1,382.81,105,4,1,4,414,New Customers
10373,2025-02-27 16:21:45,1,41.6,307,1,1,1,111,Lost
10377,2025-01-18 06:42:51,1,407.65,347,1,1,4,114,Lost
10379,2025-03-14 21:39:32,1,255.05,291,1,1,3,113,Lost
10387,2025-04-10 20:34:50,1,61.28,264,2,1,1,211,Lost
10391,2025-07-10 08:04:23,1,381.7,174,3,1,4,314,Needs Attention
10392,2025-08-03 03:31:51,1,270.02,150,3,1,3,313,Needs Attention
10395,2025-11-02 04:33:51,1,416.47,59,5,1,4,514,New Customers
10401,2025-09-24 16:55:19,1,78.81,98,4,1,1,411,New Customers
10408,2025-05-02 15:12:34,1,70.96,243,2,1,1,211,Lost
10413,2025-05-18 10:49:31,1,137.75,227,2,1,2,212,Lost
10421,2025-05-06 16:51:08,1,333.86,239,2,1,4,214,Lost
10422,2025-02-06 01:52:45,1,277.28,328,1,1,3,113,Lost
10427,2025-03-23 00:46:47,1,337.63,283,2,1,4,214,Lost
10431,2025-09-04 11:12:22,1,253.84,118,4,1,3,413,New Customers
10437,2025-08-26 09:05:25,1,69.11,127,4,1,1,411,New Customers
10444,2025-01-23 01:14:29,1,286.58,342,1,1,3,113,Lost
10446,2025-06-07 04:27:23,1,285.01,207,2,1,3,213,Lost
10453,2025-08-09 00:49:12,1,29.23,144,3,1,1,311,Needs Attention
10455,2025-02-13 03:54:21,1,205.99,321,1,1,2,112,Lost
10461,2025-08-20 12:29:21,1,114.61,133,4,1,2,412,New Customers
10463,2025-01-21 20:30:15,1,351.4,343,1,1,4,114,Lost
10465,2025-05-20 18:42:02,1,312.79,224,2,1,3,213,Lost
10469,2025-02-15 10:08:41,1,233.25,319,1,1,3,113,Lost
10477,2025-04-02 12:31:02,1,30.1,273,2,1,1,211,Lost
10483,2025-04-06 02:38:51,1,113.29,269,2,1,1,211,Lost
10485,2025-05-07 05:36:09,1,283.86,238,2,1,3,213,Lost
10487,2025-11-30 22:58:59,1,47.25,30,5,1,1,511,New Customers
10489,2025-10-13 22:18:41,1,272.34,78,4,1,3,413,New Customers
10499,2025-05-10 11:32:16,1,113.06,235,2,1,1,211,Lost
10500,2025-06-09 02:49:47,1,48.75,205,2,1,1,211,Lost
10509,2025-04-15 09:13:52,1,125.5,260,2,1,2,212,Lost
10511,2025-11-30 13:38:54,1,488.27,31,5,1,5,515,New Customers
10526,2025-10-09 14:46:53,1,428.29,83,4,1,4,414,New Customers
10530,2025-01-05 06:26:11,1,492.04,360,1,1,5,115,Lost
10531,2025-03-25 09:37:48,1,268.28,281,2,1,3,213,Lost
10533,2025-02-01 04:23:53,1,310.06,333,1,1,3,113,Lost
10534,2025-06-16 04:04:15,1,49.55,198,3,1,1,311,Needs Attention
10536,2025-10-07 19:21:19,1,301.82,84,4,1,3,413,New Customers
10538,2025-11-06 22:13:57,1,468.32,54,5,1,5,515,New Customers
10539,2025-09-04 00:19:31,1,141.01,118,4,1,2,412,New Customers
10553,2025-05-25 15:44:50,1,372.43,220,2,1,4,214,Lost
10564,2025-12-09 03:57:37,1,93.99,22,5,1,1,511,New Customers
10568,2025-07-15 00:51:08,2,577.79,169,3,5,5,355,Loyal Customers
10569,2025-09-23 03:53:19,1,390.72,99,4,1,4,414,New Customers
10573,2025-04-09 05:54:08,1,48.11,266,2,1,1,211,Lost
10580,2025-10-24 03:12:15,2,528.77,68,5,5,5,555,Champions
10582,2025-06-17 09:34:11,1,469.2,197,3,1,5,315,Needs Attention
10583,2025-10-13 07:48:44,1,286.82,79,4,1,3,413,New Customers
10596,2025-05-30 21:09:32,2,816.31,214,2,5,5,255,At Risk
10609,2025-05-14 03:09:30,1,88.0,231,2,1,1,211,Lost
10615,2025-04-18 17:17:51,1,90.4,257,2,1,1,211,Lost
10623,2025-06-22 11:15:31,1,250.65,192,3,1,3,313,Needs Attention
10631,2025-04-09 15:25:40,1,19.26,266,2,1,1,211,Lost
10657,2025-02-17 18:42:01,1,295.83,316,1,1,3,113,Lost
10671,2025-07-27 03:20:22,1,39.59,157,3,1,1,311,Needs Attention
10673,2025-11-23 11:05:53,1,341.49,38,5,1,4,514,New Customers
10674,2025-06-03 20:40:44,1,52.35,210,2,1,1,211,Lost
10683,2025-06-29 15:15:45,2,409.45,185,3,5,4,354,Loyal Customers
10689,2025-08-07 19:45:36,1,442.01,145,3,1,5,315,Needs Attention
10694,2025-12-26 16:15:03,2,539.79,5,5,5,5,555,Champions
10703,2025-01-12 02:35:45,1,268.37,353,1,1,3,113,Lost
10709,2025-07-06 16:51:20,1,245.8,178,3,1,3,313,Needs Attention
10710,2025-12-21 23:57:39,1,61.29,9,5,1,1,511,New Customers
10712,2025-11-13 05:57:48,1,257.21,48,5,1,3,513,New Customers
10719,2025-09-05 02:30:23,1,23.34,117,4,1,1,411,New Customers
10723,2025-11-15 19:43:02,1,386.97,45,5,1,4,514,New Customers
10744,2025-02-03 15:54:37,1,149.12,331,1,1,2,112,Lost
10753,2025-02-02 10:29:15,1,309.62,332,1,1,3,113,Lost
10756,2025-06-06 23:11:19,1,304.0,207,2,1,3,213,Lost
10760,2025-02-27 08:44:51,1,476.76,307,1,1,5,115,Lost
10763,2025-07-05 19:51:49,1,154.27,178,3,1,2,312,Needs Attention
10766,2025-10-21 02:25:29,1,444.21,71,4,1,5,415,New Customers
10767,2025-06-18 00:10:52,1,251.05,196,3,1,3,313,Needs Attention
10771,2025-09-17 12:39:08,1,124.2,105,4,1,2,412,New Customers
10780,2025-03-04 02:13:45,1,117.54,302,1,1,2,112,Lost
10785,2025-11-05 08:58:45,3,265.96999999999997,56,5,5,3,553,Champions
10790,2025-05-26 17:25:57,1,480.72,218,2,1,5,215,Lost
10791,2025-04-05 00:33:24,1,233.08,270,2,1,3,213,Lost
10793,2025-03-14 04:00:39,1,371.64,292,1,1,4,114,Lost
10806,2025-12-22 02:06:50,2,636.62,9,5,5,5,555,Champions
10811,2025-07-17 00:55:57,1,463.0,167,3,1,5,315,Needs Attention
10817,2025-08-29 12:53:11,1,119.89,124,4,1,2,412,New Customers
10818,2025-11-08 02:42:35,1,41.11,53,5,1,1,511,New Customers
10821,2025-09-26 11:48:02,2,560.0899999999999,96,4,5,5,455,Champions
10833,2025-05-08 07:29:36,1,321.57,237,2,1,3,213,Lost
10835,2025-01-19 07:28:20,1,117.26,346,1,1,2,112,Lost
10838,2025-12-15 14:53:35,1,476.7,16,5,1,5,515,New Customers
10844,2025-12-27 01:12:10,1,386.94,4,5,1,4,514,New Customers
10845,2025-05-16 17:14:23,1,320.68,229,2,1,3,213,Lost
10846,2025-01-25 06:58:59,1,64.14,340,1,1,1,111,Lost
10864,2025-10-08 09:20:26,1,204.65,84,4,1,2,412,New Customers
10870,2025-03-15 16:35:38,1,387.41,291,1,1,4,114,Lost
10872,2025-02-24 07:02:28,1,26.88,310,1,1,1,111,Lost
10884,2025-08-07 05:17:57,1,46.69,146,3,1,1,311,Needs Attention
10893,2025-08-17 22:42:46,1,269.78,135,4,1,3,413,New Customers
10897,2025-01-08 17:14:26,1,414.56,357,1,1,4,114,Lost
10900,2025-08-22 06:49:53,1,482.59,131,4,1,5,415,New Customers
10902,2025-07-28 21:19:51,1,342.31,155,3,1,4,314,Needs Attention
10924,2025-05-11 11:34:31,1,116.54,234,2,1,2,212,Lost
10925,2025-05-14 11:55:42,1,211.0,231,2,1,2,212,Lost
10948,2025-09-14 23:01:27,1,439.5,107,4,1,5,415,New Customers
10952,2025-06-26 02:45:07,1,318.33,188,3,1,3,313,Needs Attention
10954,2025-07-01 07:17:57,1,229.39,183,3,1,3,313,Needs Attention
10969,2025-07-28 10:01:13,1,69.37,156,3,1,1,311,Needs Attention
10971,2025-11-18 08:52:30,1,95.59,43,5,1,1,511,New Customers
10973,2025-09-25 07:29:48,1,179.84,97,4,1,2,412,New Customers
10978,2025-07-18 04:14:01,1,482.44,166,3,1,5,315,Needs Attention
10979,2025-06-17 13:41:37,1,491.72,197,3,1,5,315,Needs Attention
10980,2025-07-23 13:43:35,1,206.86,161,3,1,2,312,Needs Attention
10990,2025-03-03 10:15:08,1,312.71,303,1,1,3,113,Lost
10998,2025-05-10 13:54:10,1,80.31,235,2,1,1,211,Lost
11000,2025-06-17 20:08:21,1,184.22,196,3,1,2,312,Needs Attention
11007,2025-03-03 19:40:26,1,478.34,302,1,1,5,115,Lost
11014,2025-10-08 13:10:19,1,250.55,84,4,1,3,413,New Customers
11017,2025-02-17 02:14:55,1,450.94,317,1,1,5,115,Lost
11024,2025-12-21 07:24:40,1,285.29,10,5,1,3,513,New Customers
11026,2025-11-21 15:35:30,2,430.63,40,5,5,4,554,Champions
11035,2025-02-16 12:29:14,1,270.13,318,1,1,3,113,Lost
11036,2025-09-16 08:43:59,1,315.55,106,4,1,3,413,New Customers
11041,2025-06-16 18:54:03,1,397.36,197,3,1,4,314,Needs Attention
11050,2025-03-26 04:21:11,1,343.84,280,2,1,4,214,Lost
11052,2025-06-04 22:52:48,1,350.45,209,2,1,4,214,Lost
11058,2025-02-01 16:07:33,1,365.75,333,1,1,4,114,Lost
11065,2025-07-09 22:29:11,1,249.18,174,3,1,3,313,Needs Attention
11078,2025-11-10 03:18:43,2,298.15999999999997,51,5,5,3,553,Champions
11088,2025-01-18 06:10:31,1,312.39,347,1,1,3,113,Lost
11089,2025-10-27 20:33:56,3,758.1899999999999,64,5,5,5,555,Champions
11091,2025-06-18 11:35:38,1,321.42,196,3,1,3,313,Needs Attention
11104,2025-02-17 00:51:31,1,29.67,317,1,1,1,111,Lost
11106,2025-05-20 18:46:18,1,394.34,224,2,1,4,214,Lost
11107,2025-06-20 07:02:30,2,518.05,194,3,5,5,355,Loyal Customers
11109,2025-08-23 09:36:23,1,83.04,130,4,2,1,421,New Customers
11115,2025-12-15 20:13:39,1,229.64,15,5,2,3,523,New Customers
11119,2025-06-24 07:41:07,1,83.82,190,3,2,1,321,Needs Attention
11122,2025-02-17 01:13:35,1,364.46,317,1,2,4,124,Lost
11136,2025-08-25 05:02:42,1,345.79,128,4,2,4,424,New Customers
11138,2025-03-31 03:42:46,1,145.64,275,2,2,2,222,Lost
11142,2025-10-09 16:56:22,1,120.66,83,4,2,2,422,New Customers
11144,2025-05-22 03:12:57,1,96.0,223,2,2,1,221,Lost
11155,2025-11-05 02:37:43,1,409.33,56,5,2,4,524,New Customers
11159,2025-11-02 20:14:11,1,356.56,58,5,2,4,524,New Customers
11161,2025-12-28 04:22:07,2,711.23,3,5,5,5,555,Champions
11162,2025-12-11 08:51:04,2,652.25,20,5,5,5,555,Champions
11170,2025-07-07 17:00:55,1,481.2,177,3,2,5,325,Needs Attention
11185,2025-04-30 05:26:47,1,291.33,245,2,2,3,223,Lost
11186,2025-05-10 15:47:19,1,462.27,235,2,2,5,225,Lost
11187,2025-09-24 18:24:47,1,11.56,97,4,2,1,421,New Customers
11208,2025-11-03 22:28:18,1,469.84,57,5,2,5,525,New Customers
11220,2025-06-23 06:15:19,1,46.63,191,3,2,1,321,Needs Attention
11221,2025-07-31 11:50:58,2,508.28999999999996,153,3,5,5,355,Loyal Customers
11230,2025-07-17 20:31:52,1,100.78,166,3,2,1,321,Needs Attention
11263,2025-08-07 21:42:21,1,78.26,145,3,2,1,321,Needs Attention
11267,2025-02-23 13:57:10,1,62.58,311,1,2,1,121,Lost
11271,2025-03-21 01:48:44,1,135.38,285,1,2,2,122,Lost
11273,2025-06-18 16:36:53,2,677.26,196,3,5,5,355,Loyal Customers
11275,2025-07-20 14:34:35,2,460.47,164,3,5,5,355,Loyal Customers
11277,2025-06-30 23:24:12,1,403.26,183,3,2,4,324,Needs Attention
11282,2025-12-03 03:49:50,1,247.24,28,5,2,3,523,New Customers
11283,2025-03-06 20:58:11,1,134.73,299,1,2,2,122,Lost
11284,2025-06-14 02:28:34,1,221.47,200,3,2,2,322,Needs Attention
11286,2025-11-14 06:46:46,1,34.6,47,5,2,1,521,New Customers
11290,2025-09-13 10:20:21,1,165.55,109,4,2,2,422,New Customers
11291,2025-12-19 06:33:30,1,254.69,12,5,2,3,523,New Customers
11293,2025-01-19 07:39:22,2,437.98,346,1,5,5,155,At Risk
11298,2025-01-08 22:23:57,1,24.19,356,1,2,1,121,Lost
11299,2025-05-17 21:01:20,1,250.49,227,2,2,3,223,Lost
11301,2025-02-19 04:06:59,1,294.15,315,1,2,3,123,Lost
11305,2025-02-18 15:53:16,1,482.57,316,1,2,5,125,Lost
11318,2025-06-10 22:17:58,1,325.1,203,3,2,4,324,Needs Attention
11319,2025-10-31 23:07:22,1,27.81,60,5,2,1,521,New Customers
11323,2025-03-31 02:35:52,1,363.51,275,2,2,4,224,Lost
11324,2025-02-04 07:28:18,1,232.34,330,1,2,3,123,Lost
11325,2025-03-03 02:50:39,1,197.99,303,1,2,2,122,Lost
11328,2025-05-10 00:20:18,1,339.6,235,2,2,4,224,Lost
11333,2025-12-19 16:20:13,2,378.1,12,5,5,4,554,Champions
11350,2025-05-17 06:04:03,1,350.04,228,2,2,4,224,Lost
11353,2025-12-24 18:16:01,1,131.06,6,5,2,2,522,New Customers
11361,2025-06-21 01:59:10,1,487.51,193,3,2,5,325,Needs Attention
11365,2025-09-18 02:42:15,1,17.09,104,4,2,1,421,New Customers
11367,2025-10-16 05:57:06,1,332.25,76,4,2,4,424,New Customers
11372,2025-01-14 20:57:08,1,320.44,350,1,2,3,123,Lost
11379,2025-10-03 07:46:59,1,115.4,89,4,2,2,422,New Customers
11381,2025-10-08 22:47:43,1,492.04,83,4,2,5,425,New Customers
11383,2025-01-10 00:27:40,1,348.25,355,1,2,4,124,Lost
11385,2025-06-29 18:43:03,1,274.83,184,3,2,3,323,Needs Attention
11388,2025-12-04 09:24:13,1,109.63,27,5,2,1,521,New Customers
11406,2025-10-23 08:54:35,1,125.79,69,5,2,2,522,New Customers
11418,2025-01-29 20:41:56,1,436.28,335,1,2,5,125,Lost
11421,2025-05-31 01:16:41,1,127.66,214,2,2,2,222,Lost
11426,2025-10-31 07:22:32,1,146.01,61,5,2,2,522,New Customers
11428,2025-01-22 08:15:40,1,77.78,343,1,2,1,121,Lost
11433,2025-09-21 03:34:43,1,123.57,101,4,2,2,422,New Customers
11439,2025-10-11 17:09:23,1,35.95,81,4,2,1,421,New Customers
11441,2025-10-29 14:56:14,1,436.3,63,5,2,5,525,New Customers
11448,2025-08-21 07:21:29,1,394.35,132,4,2,4,424,New Customers
11461,2025-10-30 22:58:11,1,188.31,61,5,2,2,522,New Customers
11463,2025-05-28 09:15:20,1,137.24,217,2,2,2,222,Lost
11470,2025-02-20 12:20:13,1,426.25,314,1,2,4,124,Lost
11472,2025-05-19 10:50:34,1,422.23,226,2,2,4,224,Lost
11477,2025-07-10 23:23:11,1,401.51,173,3,2,4,324,Needs Attention
11478,2025-12-21 12:25:55,1,495.06,10,5,2,5,525,New Customers
11490,2025-08-04 00:08:06,1,69.65,149,3,2,1,321,Needs Attention
11494,2025-06-19 19:17:09,1,361.72,194,3,2,4,324,Needs Attention
11503,2025-06-24 23:48:36,1,230.12,189,3,2,3,323,Needs Attention
11508,2025-04-14 00:06:07,1,482.51,261,2,2,5,225,Lost
11513,2025-11-21 16:04:33,1,498.87,40,5,2,5,525,New Customers
11515,2025-12-06 05:16:18,1,405.97,25,5,2,4,524,New Customers
11520,2025-10-14 16:46:51,1,37.38,78,4,2,1,421,New Customers
11532,2025-12-04 21:38:41,2,564.61,26,5,5,5,555,Champions
11542,2025-02-09 14:25:33,1,245.89,325,1,2,3,123,Lost
11549,2025-03-12 04:21:21,1,442.83,294,1,2,5,125,Lost
11556,2025-01-28 18:19:19,1,338.07,336,1,2,4,124,Lost
11559,2025-09-06 00:57:32,1,321.75,116,4,2,3,423,New Customers
11562,2025-08-25 03:40:30,1,402.28,128,4,2,4,424,New Customers
11567,2025-03-02 05:49:10,1,248.7,304,1,2,3,123,Lost
11569,2025-09-03 19:03:35,1,300.37,118,4,2,3,423,New Customers
11579,2025-12-18 12:11:46,1,101.37,13,5,2,1,521,New Customers
11587,2025-09-08 22:17:46,1,187.5,113,4,2,2,422,New Customers
11589,2025-11-10 10:18:52,1,142.62,51,5,2,2,522,New Customers
11592,2025-07-18 02:23:23,1,431.61,166,3,2,4,324,Needs Attention
11593,2025-01-18 23:00:01,1,330.36,346,1,2,4,124,Lost
11597,2025-10-04 11:08:19,1,34.13,88,4,2,1,421,New Customers
11598,2025-03-16 08:53:06,1,204.16,290,1,2,2,122,Lost
11613,2025-10-04 18:03:53,1,485.91,87,4,2,5,425,New Customers
11618,2025-10-08 21:11:07,3,519.14,83,4,5,5,455,Champions
11628,2025-10-11 00:10:00,1,52.32,81,4,2,1,421,New Customers
11630,2025-12-19 18:41:09,1,338.39,11,5,2,4,524,New Customers
11634,2025-10-21 19:40:48,2,381.17,70,4,5,4,454,Champions
11638,2025-09-23 00:37:07,1,100.27,99,4,2,1,421,New Customers
11639,2025-10-12 01:08:49,2,595.98,80,4,5,5,455,Champions
11640,2025-01-31 11:16:17,1,387.43,334,1,2,4,124,Lost
11650,2025-09-11 22:35:29,1,33.02,110,4,2,1,421,New Customers
11662,2025-06-22 14:06:59,1,229.95,192,3,2,3,323,Needs Attention
11664,2025-03-14 18:59:19,2,815.94,291,1,5,5,155,At Risk
11668,2025-09-24 16:08:32,1,47.44,98,4,2,1,421,New Customers
11673,2025-04-22 07:13:42,1,298.14,253,2,2,3,223,Lost
11675,2025-05-12 10:07:42,1,248.94,233,2,2,3,223,Lost
11683,2025-11-26 00:55:58,1,86.58,35,5,2,1,521,New Customers
11687,2025-06-18 22:40:05,2,510.75,195,3,5,5,355,Loyal Customers
11689,2025-06-18 18:04:03,1,466.24,195,3,2,5,325,Needs Attention
11695,2025-12-28 17:15:47,3,760.3499999999999,3,5,5,5,555,Champions
11697,2025-02-25 18:25:31,1,246.05,308,1,2,3,123,Lost
11702,2025-11-20 06:09:58,1,217.79,41,5,2,2,522,New Customers
11703,2025-05-15 21:21:55,1,467.07,229,2,2,5,225,Lost
11708,2025-09-30 17:21:01,1,166.67,92,4,2,2,422,New Customers
11711,2025-01-07 18:28:42,1,31.82,357,1,2,1,121,Lost
11729,2025-06-19 08:06:58,1,215.27,195,3,2,2,322,Needs Attention
11730,2025-06-10 08:22:19,1,94.35,204,3,2,1,321,Needs Attention
11731,2025-08-03 09:48:41,1,375.8,150,3,2,4,324,Needs Attention
11734,2025-10-26 04:59:31,1,39.95,66,5,2,1,521,New Customers
11739,2025-05-31 01:02:03,1,272.79,214,2,2,3,223,Lost
11745,2025-05-16 01:29:19,1,496.19,229,2,2,5,225,Lost
11756,2025-01-10 21:46:09,1,91.42,354,1,2,1,121,Lost
11759,2025-08-08 02:26:25,1,181.26,145,3,2,2,322,Needs Attention
11761,2025-07-17 10:29:25,1,376.71,167,3,2,4,324,Needs Attention
11763,2025-12-26 10:43:05,2,485.14,5,5,5,5,555,Champions
11765,2025-10-21 04:48:39,1,471.9,71,4,2,5,425,New Customers
11767,2025-03-11 10:15:22,1,415.15,295,1,2,4,124,Lost
11779,2025-06-17 15:36:51,1,97.82,197,3,2,1,321,Needs Attention
11782,2025-09-01 03:35:32,1,376.63,121,4,2,4,424,New Customers
11787,2025-07-10 11:46:46,1,103.19,174,3,2,1,321,Needs Attention
11806,2025-12-25 23:04:01,1,479.7,5,5,2,5,525,New Customers
11807,2025-03-06 02:07:02,1,410.48,300,1,2,4,124,Lost
11819,2025-05-10 07:46:54,1,412.31,235,2,2,4,224,Lost
11836,2025-11-16 21:45:09,1,153.24,44,5,2,2,522,New Customers
11837,2025-12-10 14:17:50,1,283.16,21,5,2,3,523,New Customers
11854,2025-12-10 07:51:09,1,199.99,21,5,2,2,522,New Customers
11860,2025-12-28 06:17:52,1,37.89,3,5,2,1,521,New Customers
11867,2025-10-06 20:22:27,1,415.18,85,4,2,4,424,New Customers
11870,2025-08-25 18:21:50,1,10.04,127,4,2,1,421,New Customers
11875,2025-05-08 12:17:24,1,289.12,237,2,2,3,223,Lost
11876,2025-02-22 13:02:12,1,85.41,312,1,2,1,121,Lost
11883,2025-10-23 15:37:34,1,254.33,69,5,2,3,523,New Customers
11892,2025-10-24 10:40:53,1,307.18,68,5,2,3,523,New Customers
11901,2025-12-20 07:51:22,1,97.64,11,5,2,1,521,New Customers
11917,2025-03-06 12:39:54,1,226.41,300,1,2,2,122,Lost
11926,2025-04-17 00:56:05,1,402.61,258,2,2,4,224,Lost
11929,2025-03-25 07:35:37,1,369.8,281,2,2,4,224,Lost
11931,2025-05-21 00:25:38,1,268.96,224,2,2,3,223,Lost
11932,2025-03-20 03:52:32,1,95.57,286,1,2,1,121,Lost
11937,2025-09-04 08:43:48,1,94.39,118,4,2,1,421,New Customers
11955,2025-04-26 04:20:16,1,237.5,249,2,2,3,223,Lost
11957,2025-07-11 10:51:51,1,160.91,173,3,2,2,322,Needs Attention
11961,2025-12-08 13:10:52,1,245.06,23,5,2,3,523,New Customers
11964,2025-02-06 16:01:25,1,19.43,328,1,2,1,121,Lost
11965,2025-10-05 13:32:34,1,499.73,87,4,2,5,425,New Customers
11969,2025-03-17 03:23:30,1,204.26,289,1,2,2,122,Lost
11974,2025-10-18 11:37:47,1,481.9,74,4,2,5,425,New Customers
11975,2025-12-16 08:36:17,1,68.88,15,5,2,1,521,New Customers
11979,2025-06-07 02:44:48,1,84.35,207,2,2,1,221,Lost
11986,2025-10-05 01:56:30,1,189.68,87,4,2,2,422,New Customers
11991,2025-06-30 11:31:08,1,283.59,184,3,2,3,323,Needs Attention
12005,2025-09-04 12:21:13,1,370.13,118,4,2,4,424,New Customers
12006,2025-10-25 09:16:02,1,114.78,67,5,2,2,522,New Customers
12009,2025-11-14 21:04:50,1,60.42,46,5,2,1,521,New Customers
12013,2025-08-28 04:55:21,1,305.4,125,4,2,3,423,New Customers
12024,2025-12-24 13:11:23,1,400.71,7,5,2,4,524,New Customers
12034,2025-05-27 11:44:22,1,32.46,218,2,2,1,221,Lost
12044,2025-09-11 06:05:23,1,480.78,111,4,2,5,425,New Customers
12046,2025-04-14 03:59:36,1,374.71,261,2,2,4,224,Lost
12048,2025-08-11 22:06:21,1,170.16,141,3,2,2,322,Needs Attention
12049,2025-12-28 09:09:30,3,717.33,3,5,5,5,555,Champions
12066,2025-07-08 00:56:29,2,536.86,176,3,5,5,355,Loyal Customers
12070,2025-02-06 07:31:47,1,128.79,328,1,2,2,122,Lost
12071,2025-02-09 00:11:30,1,320.3,325,1,2,3,123,Lost
12085,2025-07-27 23:02:18,1,441.46,156,3,2,5,325,Needs Attention
12094,2025-07-20 11:47:52,1,21.4,164,3,2,1,321,Needs Attention
12098,2025-07-26 03:19:43,1,119.86,158,3,2,2,322,Needs Attention
12099,2025-10-21 11:49:30,1,178.81,71,4,2,2,422,New Customers
12111,2025-07-09 14:02:39,2,880.0,175,3,5,5,355,Loyal Customers
12112,2025-09-04 08:43:55,1,451.95,118,4,2,5,425,New Customers
12114,2025-03-09 23:52:17,1,428.71,296,1,2,4,124,Lost
12116,2025-10-17 11:38:38,1,16.75,75,4,2,1,421,New Customers
12128,2025-10-22 17:26:12,1,297.47,69,5,2,3,523,New Customers
12130,2025-01-05 17:21:46,1,252.59,360,1,2,3,123,Lost
12133,2025-10-05 03:56:08,1,307.58,87,4,2,3,423,New Customers
12148,2025-07-02 20:00:55,1,458.02,181,3,2,5,325,Needs Attention
12150,2025-04-22 00:41:57,1,261.46,253,2,2,3,223,Lost
12163,2025-04-28 20:21:31,1,47.19,246,2,2,1,221,Lost
12168,2025-09-19 14:42:09,1,121.6,103,4,2,2,422,New Customers
12176,2025-07-21 08:02:58,1,20.82,163,3,2,1,321,Needs Attention
12181,2025-11-03 13:17:34,1,41.09,58,5,2,1,521,New Customers
12182,2025-08-21 04:53:46,1,167.14,132,4,2,2,422,New Customers
12188,2025-12-02 05:46:03,1,400.17,29,5,2,4,524,New Customers
12190,2025-03-23 06:34:00,1,394.45,283,2,2,4,224,Lost
12194,2025-06-03 04:39:35,1,249.49,211,2,2,3,223,Lost
12201,2025-02-02 14:05:27,1,308.85,332,1,2,3,123,Lost
12205,2025-08-07 11:01:45,1,244.3,146,3,2,3,323,Needs Attention
12207,2025-11-15 03:38:07,1,413.77,46,5,2,4,524,New Customers
12212,2025-08-30 02:00:53,1,425.79,123,4,2,4,424,New Customers
12224,2025-10-23 09:49:41,1,349.85,69,5,3,4,534,Loyal Customers
12229,2025-07-04 23:28:58,1,340.57,179,3,3,4,334,Loyal Customers
12239,2025-11-27 00:14:04,1,348.34,34,5,3,4,534,Loyal Customers
12241,2025-08-11 02:29:46,1,293.41,142,3,3,3,333,Loyal Customers
12243,2025-01-23 22:18:30,1,399.03,341,1,3,4,134,Needs Attention
12245,2025-12-17 20:39:07,2,741.45,13,5,5,5,555,Champions
12257,2025-05-20 20:21:55,1,52.09,224,2,3,1,231,Needs Attention
12262,2025-09-07 20:45:51,1,74.91,114,4,3,1,431,Loyal Customers
12266,2025-07-15 17:08:20,2,357.61,169,3,5,4,354,Loyal Customers
12267,2025-08-29 20:30:59,1,149.93,123,4,3,2,432,Loyal Customers
12275,2025-02-25 03:15:26,1,149.81,309,1,3,2,132,Needs Attention
12276,2025-04-07 08:44:24,1,66.2,268,2,3,1,231,Needs Attention
12281,2025-05-31 09:59:27,1,339.01,214,2,3,4,234,Needs Attention
12284,2025-08-24 19:56:59,1,34.15,128,4,3,1,431,Loyal Customers
12286,2025-06-28 02:25:24,2,879.3599999999999,186,3,5,5,355,Loyal Customers
12287,2025-12-02 01:42:33,1,201.67,29,5,3,2,532,Loyal Customers
12297,2025-07-19 23:38:34,1,64.03,164,3,3,1,331,Loyal Customers
12307,2025-12-02 23:47:46,1,196.77,28,5,3,2,532,Loyal Customers
12308,2025-03-22 12:04:05,1,182.47,284,1,3,2,132,Needs Attention
12309,2025-05-01 15:03:56,1,123.46,244,2,3,2,232,Needs Attention
12318,2025-08-17 15:30:18,1,127.06,136,3,3,2,332,Loyal Customers
12330,2025-10-03 07:32:18,2,315.46,89,4,5,3,453,Champions
12332,2025-10-13 23:17:57,1,490.25,78,4,3,5,435,Loyal Customers
12334,2025-07-02 02:26:39,1,58.01,182,3,3,1,331,Loyal Customers
12346,2025-07-21 22:47:40,1,322.71,162,3,3,3,333,Loyal Customers
12368,2025-12-14 13:19:52,1,427.05,17,5,3,4,534,Loyal Customers
12373,2025-06-06 00:23:08,1,156.01,208,2,3,2,232,Needs Attention
12380,2025-05-17 13:20:10,1,271.96,228,2,3,3,233,Needs Attention
12389,2025-05-16 09:17:24,1,316.5,229,2,3,3,233,Needs Attention
12390,2025-09-02 07:13:22,2,434.09,120,4,5,5,455,Champions
12397,2025-09-06 21:06:59,1,153.06,115,4,3,2,432,Loyal Customers
12398,2025-04-30 21:29:45,1,139.32,244,2,3,2,232,Needs Attention
12399,2025-10-21 13:33:07,1,73.35,71,4,3,1,431,Loyal Customers
12407,2025-06-29 16:49:27,1,301.1,185,3,3,3,333,Loyal Customers
12408,2025-12-16 18:16:28,1,28.37,14,5,3,1,531,Loyal Customers
12409,2025-03-11 01:18:37,2,605.6899999999999,295,1,5,5,155,At Risk
12419,2025-02-11 04:50:53,1,69.33,323,1,3,1,131,Needs Attention
12420,2025-11-08 17:18:15,1,268.39,53,5,3,3,533,Loyal Customers
12421,2025-02-02 05:22:49,1,450.35,332,1,3,5,135,Needs Attention
12423,2025-06-24 13:45:38,1,245.97,190,3,3,3,333,Loyal Customers
12435,2025-05-19 23:47:39,1,71.57,225,2,3,1,231,Needs Attention
12443,2025-01-11 19:13:51,1,389.22,353,1,3,4,134,Needs Attention
12455,2025-12-04 03:33:59,1,246.1,27,5,3,3,533,Loyal Customers
12471,2025-06-10 05:44:48,1,211.16,204,3,3,2,332,Loyal Customers
12476,2025-02-05 23:06:22,1,36.2,328,1,3,1,131,Needs Attention
12489,2025-05-20 10:03:44,1,63.49,225,2,3,1,231,Needs Attention
12490,2025-12-03 18:59:18,1,175.23,27,5,3,2,532,Loyal Customers
12493,2025-02-26 01:30:52,1,484.31,308,1,3,5,135,Needs Attention
12505,2025-04-02 18:03:24,1,418.12,272,2,3,4,234,Needs Attention
12510,2025-02-27 06:03:14,1,65.19,307,1,3,1,131,Needs Attention
12512,2025-08-08 15:03:49,1,403.51,145,3,3,4,334,Loyal Customers
12522,2025-11-17 09:09:26,2,388.68,44,5,5,4,554,Champions
12523,2025-03-03 21:14:12,1,73.8,302,1,3,1,131,Needs Attention
12538,2025-07-07 10:19:56,1,22.47,177,3,3,1,331,Loyal Customers
12550,2025-01-16 09:03:25,1,374.26,349,1,3,4,134,Needs Attention
12560,2025-03-08 01:21:51,1,74.03,298,1,3,1,131,Needs Attention
12567,2025-06-11 04:04:01,1,82.25,203,3,3,1,331,Loyal Customers
12568,2025-06-15 17:29:45,1,447.28,198,3,3,5,335,Loyal Customers
12571,2025-01-27 18:41:21,1,115.21,337,1,3,2,132,Needs Attention
12573,2025-08-02 20:57:56,1,186.73,150,3,3,2,332,Loyal Customers
12574,2025-06-27 07:15:06,1,498.95,187,3,3,5,335,Loyal Customers
12578,2025-08-29 19:58:37,1,423.44,123,4,3,4,434,Loyal Customers
12584,2025-11-14 04:42:56,3,941.0699999999999,47,5,5,5,555,Champions
12617,2025-04-30 12:13:10,1,367.2,245,2,3,4,234,Needs Attention
12623,2025-07-19 16:35:46,1,113.92,165,3,3,1,331,Loyal Customers
12628,2025-10-15 10:52:07,1,155.12,77,4,3,2,432,Loyal Customers
12634,2025-08-25 08:45:19,1,471.47,128,4,3,5,435,Loyal Customers
12644,2025-08-29 15:29:39,1,156.86,124,4,3,2,432,Loyal Customers
12645,2025-04-25 17:17:45,1,441.84,250,2,3,5,235,Needs Attention
12662,2025-01-25 16:19:14,1,45.38,340,1,3,1,131,Needs Attention
12666,2025-05-26 19:21:53,1,217.45,218,2,3,2,232,Needs Attention
12668,2025-07-11 19:42:42,1,51.71,172,3,3,1,331,Loyal Customers
12672,2025-02-07 15:37:19,1,296.57,327,1,3,3,133,Needs Attention
12678,2025-06-25 14:24:27,1,472.36,189,3,3,5,335,Loyal Customers
12686,2025-06-02 20:28:10,1,323.37,211,2,3,3,233,Needs Attention
12690,2025-03-26 17:58:49,1,214.21,279,2,3,2,232,Needs Attention
12694,2025-03-04 00:37:51,1,118.28,302,1,3,2,132,Needs Attention
12698,2025-11-06 14:47:36,1,175.69,55,5,3,2,532,Loyal Customers
12699,2025-07-25 08:56:29,1,429.21,159,3,3,4,334,Loyal Customers
12705,2025-10-02 02:47:16,1,423.18,90,4,3,4,434,Loyal Customers
12713,2025-05-27 09:59:40,1,311.11,218,2,3,3,233,Needs Attention
12719,2025-11-12 00:04:35,1,473.06,49,5,3,5,535,Loyal Customers
12721,2025-10-22 18:25:11,1,439.15,69,5,3,5,535,Loyal Customers
12725,2025-04-04 19:32:38,1,337.69,270,2,3,4,234,Needs Attention
12732,2025-09-05 10:23:08,1,69.5,117,4,3,1,431,Loyal Customers
12734,2025-07-09 06:43:45,1,379.29,175,3,3,4,334,Loyal Customers
12740,2025-06-24 09:47:24,1,66.06,190,3,3,1,331,Loyal Customers
12747,2025-03-26 03:05:07,1,92.38,280,2,3,1,231,Needs Attention
12751,2025-05-08 08:58:57,1,263.27,237,2,3,3,233,Needs Attention
12766,2025-03-01 21:54:31,1,197.15,304,1,3,2,132,Needs Attention
12774,2025-03-02 00:04:24,1,186.76,304,1,3,2,132,Needs Attention
12775,2025-11-28 18:39:09,1,89.03,32,5,3,1,531,Loyal Customers
12777,2025-08-15 17:45:05,2,522.45,137,3,5,5,355,Loyal Customers
12786,2025-01-11 15:50:59,1,342.76,354,1,3,4,134,Needs Attention
12788,2025-12-08 23:31:10,2,569.7,22,5,5,5,555,Champions
12796,2025-11-08 10:46:36,2,288.77,53,5,5,3,553,Champions
12806,2025-03-10 14:48:17,1,333.73,296,1,3,4,134,Needs Attention
12807,2025-09-11 22:24:44,1,394.55,110,4,3,4,434,Loyal Customers
12813,2025-03-14 18:27:13,1,452.69,291,1,3,5,135,Needs Attention
12815,2025-06-09 20:59:07,1,209.88,204,3,3,2,332,Loyal Customers
12819,2025-03-08 02:29:13,1,292.27,298,1,3,3,133,Needs Attention
12821,2025-09-08 00:16:50,1,404.31,114,4,3,4,434,Loyal Customers
12827,2025-01-02 05:47:27,1,387.99,363,1,3,4,134,Needs Attention
12843,2025-04-16 18:34:58,1,360.61,258,2,3,4,234,Needs Attention
12845,2025-06-19 00:06:37,1,100.98,195,3,3,1,331,Loyal Customers
12847,2025-05-03 08:45:34,1,211.93,242,2,3,2,232,Needs Attention
12849,2025-03-31 15:31:19,1,105.46,275,2,3,1,231,Needs Attention
12852,2025-03-12 07:42:40,1,195.43,294,1,3,2,132,Needs Attention
12858,2025-11-18 22:35:26,1,344.55,42,5,3,4,534,Loyal Customers
12870,2025-02-06 00:06:57,1,103.4,328,1,3,1,131,Needs Attention
12880,2025-01-31 02:52:34,1,347.8,334,1,3,4,134,Needs Attention
12887,2025-11-05 15:15:27,1,426.73,56,5,3,4,534,Loyal Customers
12892,2025-06-29 04:58:46,1,114.76,185,3,3,2,332,Loyal Customers
12893,2025-10-15 23:38:39,1,147.93,76,4,3,2,432,Loyal Customers
12897,2025-09-15 09:44:06,1,138.02,107,4,3,2,432,Loyal Customers
12901,2025-10-05 02:56:18,1,136.93,87,4,3,2,432,Loyal Customers
12903,2025-03-12 06:30:39,1,491.39,294,1,3,5,135,Needs Attention
12905,2025-10-24 11:48:37,2,396.06,68,5,5,4,554,Champions
12909,2025-08-08 23:16:27,1,490.86,144,3,3,5,335,Loyal Customers
12912,2025-04-14 14:02:18,1,161.64,261,2,3,2,232,Needs Attention
12922,2025-01-12 01:03:12,1,142.24,353,1,3,2,132,Needs Attention
12927,2025-08-31 22:55:23,2,734.4,121,4,5,5,455,Champions
12932,2025-12-04 21:55:22,1,459.58,26,5,3,5,535,Loyal Customers
12936,2025-12-08 19:17:24,1,383.99,22,5,3,4,534,Loyal Customers
12938,2025-03-20 23:02:25,1,116.44,285,1,3,2,132,Needs Attention
12942,2025-09-19 01:37:12,2,299.37,103,4,5,3,453,Champions
12948,2025-09-03 16:16:07,1,421.94,119,4,3,4,434,Loyal Customers
12952,2025-09-12 13:17:58,1,130.65,110,4,3,2,432,Loyal Customers
12956,2025-06-27 23:44:21,1,128.41,186,3,3,2,332,Loyal Customers
12962,2025-03-20 04:32:21,1,308.19,286,1,3,3,133,Needs Attention
12968,2025-08-06 08:03:04,2,672.7,147,3,5,5,355,Loyal Customers
12969,2025-06-13 01:36:27,1,102.52,201,3,3,1,331,Loyal Customers
12984,2025-11-14 19:53:29,1,436.65,46,5,3,5,535,Loyal Customers
12990,2025-06-11 18:37:51,1,237.27,202,3,3,3,333,Loyal Customers
12995,2025-03-11 00:53:22,1,250.29,295,1,3,3,133,Needs Attention
13002,2025-09-13 13:17:29,1,250.73,109,4,3,3,433,Loyal Customers
13004,2025-02-14 13:10:51,1,239.06,320,1,3,3,133,Needs Attention
13007,2025-02-14 15:53:13,1,106.18,320,1,3,1,131,Needs Attention
13014,2025-11-13 23:16:54,2,764.8,47,5,5,5,555,Champions
13018,2025-04-18 01:30:49,1,406.36,257,2,3,4,234,Needs Attention
13021,2025-04-24 06:54:16,1,426.7,251,2,3,4,234,Needs Attention
13034,2025-01-14 12:34:07,1,81.13,351,1,3,1,131,Needs Attention
13038,2025-04-04 22:00:01,1,427.63,270,2,3,4,234,Needs Attention
13049,2025-07-06 03:10:08,2,377.71000000000004,178,3,5,4,354,Loyal Customers
13056,2025-08-31 12:03:44,1,192.18,122,4,3,2,432,Loyal Customers
13060,2025-10-07 03:31:02,2,378.1,85,4,5,4,454,Champions
13067,2025-06-24 15:38:10,1,424.5,190,3,3,4,334,Loyal Customers
13068,2025-09-04 13:04:14,1,131.01,118,4,3,2,432,Loyal Customers
13075,2025-07-19 18:50:15,2,766.95,164,3,5,5,355,Loyal Customers
13076,2025-09-08 02:20:26,1,378.8,114,4,3,4,434,Loyal Customers
13081,2025-01-23 18:15:13,1,262.86,341,1,3,3,133,Needs Attention
13083,2025-02-07 19:24:40,1,489.18,326,1,3,5,135,Needs Attention
13085,2025-01-10 08:49:47,1,458.34,355,1,3,5,135,Needs Attention
13089,2025-03-19 06:18:20,1,413.1,287,1,3,4,134,Needs Attention
13092,2025-05-16 14:50:58,1,52.58,229,2,3,1,231,Needs Attention
13096,2025-04-05 18:59:07,1,194.96,269,2,3,2,232,Needs Attention
13099,2025-12-23 06:19:29,1,184.28,8,5,3,2,532,Loyal Customers
13100,2025-06-12 20:00:22,2,64.87,201,3,5,1,351,Loyal Customers
13108,2025-05-23 03:35:52,1,416.22,222,2,3,4,234,Needs Attention
13110,2025-10-05 05:59:54,1,471.05,87,4,3,5,435,Loyal Customers
13115,2025-04-18 19:36:07,1,58.65,256,2,3,1,231,Needs Attention
13118,2025-11-30 18:07:53,1,468.27,30,5,3,5,535,Loyal Customers
13119,2025-04-19 04:53:21,1,306.02,256,2,3,3,233,Needs Attention
13125,2025-01-30 16:40:59,1,325.23,335,1,3,4,134,Needs Attention
13127,2025-12-09 02:43:48,1,200.66,22,5,3,2,532,Loyal Customers
13137,2025-10-04 18:49:58,1,359.59,87,4,3,4,434,Loyal Customers
13142,2025-08-22 01:07:38,1,145.7,131,4,3,2,432,Loyal Customers
13147,2025-11-14 08:25:43,1,239.36,47,5,3,3,533,Loyal Customers
13148,2025-11-29 15:32:20,1,469.34,32,5,3,5,535,Loyal Customers
13152,2025-09-19 19:42:27,1,143.57,102,4,3,2,432,Loyal Customers
13155,2025-11-02 10:38:27,1,460.93,59,5,3,5,535,Loyal Customers
13156,2025-08-02 15:12:07,1,327.31,151,3,3,4,334,Loyal Customers
13157,2025-10-01 07:05:50,1,116.57,91,4,3,2,432,Loyal Customers
13160,2025-04-18 08:04:36,1,182.74,257,2,3,2,232,Needs Attention
13163,2025-08-14 04:55:11,1,65.86,139,3,3,1,331,Loyal Customers
13164,2025-11-10 12:25:42,2,533.6,51,5,5,5,555,Champions
13191,2025-01-26 19:47:34,1,494.43,338,1,3,5,135,Needs Attention
13199,2025-10-09 00:35:19,1,429.72,83,4,3,4,434,Loyal Customers
13201,2025-01-01 06:01:54,1,329.98,364,1,3,4,134,Needs Attention
13214,2025-08-14 16:42:09,1,361.57,139,3,3,4,334,Loyal Customers
13216,2025-11-22 07:12:20,1,324.35,39,5,3,3,533,Loyal Customers
13219,2025-07-20 18:43:39,1,274.31,163,3,3,3,333,Loyal Customers
13221,2025-09-28 20:14:18,1,223.35,93,4,3,2,432,Loyal Customers
13222,2025-05-31 03:39:45,2,277.37,214,2,5,3,253,At Risk
13229,2025-11-21 21:15:18,1,434.31,39,5,3,5,535,Loyal Customers
13232,2025-09-22 09:15:08,1,455.71,100,4,3,5,435,Loyal Customers
13237,2025-04-17 05:55:06,1,347.02,258,2,3,4,234,Needs Attention
13238,2025-05-04 07:06:17,1,181.42,241,2,3,2,232,Needs Attention
13244,2025-06-03 17:47:07,1,239.82,210,2,3,3,233,Needs Attention
13247,2025-06-09 06:53:15,1,65.27,205,2,3,1,231,Needs Attention
13251,2025-01-13 11:42:09,1,278.28,352,1,3,3,133,Needs Attention
13264,2025-12-28 00:16:21,1,461.55,3,5,3,5,535,Loyal Customers
13265,2025-03-08 09:06:31,1,187.72,298,1,3,2,132,Needs Attention
13272,2025-07-09 06:24:47,1,176.61,175,3,3,2,332,Loyal Customers
13281,2025-11-12 21:21:37,1,36.58,48,5,3,1,531,Loyal Customers
13287,2025-12-24 03:40:10,2,225.10999999999999,7,5,5,2,552,Champions
13290,2025-09-06 18:48:28,1,497.59,115,4,3,5,435,Loyal Customers
13291,2025-12-25 18:01:37,1,289.97,5,5,3,3,533,Loyal Customers
13294,2025-12-09 10:36:10,2,508.27,22,5,5,5,555,Champions
13303,2025-11-19 03:40:00,1,94.21,42,5,3,1,531,Loyal Customers
13307,2025-07-16 22:43:45,1,123.5,167,3,3,2,332,Loyal Customers
13314,2025-04-10 14:55:39,2,550.79,265,2,5,5,255,At Risk
13318,2025-10-17 17:12:39,2,588.3299999999999,75,4,5,5,455,Champions
13327,2025-12-10 00:55:28,1,14.12,21,5,3,1,531,Loyal Customers
13332,2025-07-17 08:46:40,1,270.0,167,3,3,3,333,Loyal Customers
13342,2025-06-29 16:08:50,1,334.9,185,3,3,4,334,Loyal Customers
13349,2025-04-05 18:57:20,1,75.65,269,2,3,1,231,Needs Attention
13354,2025-01-10 10:38:54,1,322.85,355,1,4,3,143,At Risk
13355,2025-09-08 10:32:53,1,74.2,114,4,4,1,441,Champions
13359,2025-10-03 01:33:58,2,311.43,89,4,5,3,453,Champions
13362,2025-02-27 14:20:49,1,313.16,307,1,4,3,143,At Risk
13369,2025-05-15 13:36:05,1,53.02,230,2,4,1,241,At Risk
13371,2025-04-27 10:35:28,1,383.84,248,2,4,4,244,At Risk
13373,2025-08-16 16:44:06,1,59.9,137,3,4,1,341,Loyal Customers
13388,2025-12-11 18:31:00,1,313.2,19,5,4,3,543,Champions
13391,2025-09-27 08:09:59,1,375.25,95,4,4,4,444,Champions
13396,2025-10-31 08:44:37,1,336.62,61,5,4,4,544,Champions
13401,2025-12-20 18:12:59,1,128.39,10,5,4,2,542,Champions
13403,2025-08-23 23:54:19,2,729.46,129,4,5,5,455,Champions
13411,2025-06-23 18:57:51,1,248.13,190,3,4,3,343,Loyal Customers
13421,2025-07-19 20:59:27,1,108.64,164,3,4,1,341,Loyal Customers
13424,2025-07-31 07:57:01,1,254.53,153,3,4,3,343,Loyal Customers
13428,2025-08-23 04:13:34,1,271.89,130,4,4,3,443,Champions
13430,2025-02-23 02:13:10,1,118.9,311,1,4,2,142,At Risk
13433,2025-09-20 11:28:52,1,195.38,102,4,4,2,442,Champions
13441,2025-08-12 04:13:22,1,289.34,141,3,4,3,343,Loyal Customers
13444,2025-09-23 21:53:09,2,499.21,98,4,5,5,455,Champions
13447,2025-11-05 11:12:57,1,174.19,56,5,4,2,542,Champions
13448,2025-12-09 20:15:30,1,461.66,21,5,4,5,545,Champions
13454,2025-05-11 09:56:22,1,389.2,234,2,4,4,244,At Risk
13458,2025-08-28 19:04:53,1,412.38,124,4,4,4,444,Champions
13459,2025-11-04 03:56:41,1,396.6,57,5,4,4,544,Champions
13468,2025-12-10 09:02:34,1,30.41,21,5,4,1,541,Champions
13473,2025-10-17 13:01:18,1,139.73,75,4,4,2,442,Champions
13478,2025-03-29 13:11:39,1,184.51,277,2,4,2,242,At Risk
13483,2025-12-21 19:27:21,2,674.0699999999999,9,5,5,5,555,Champions
13484,2025-11-21 09:56:12,1,266.42,40,5,4,3,543,Champions
13485,2025-07-12 20:12:15,1,258.92,171,3,4,3,343,Loyal Customers
13486,2025-07-14 19:13:21,2,834.3,169,3,5,5,355,Loyal Customers
13491,2025-04-30 03:43:26,1,115.54,245,2,4,2,242,At Risk
13495,2025-01-15 08:50:25,1,78.32,350,1,4,1,141,At Risk
13496,2025-07-06 18:57:39,1,366.5,177,3,4,4,344,Loyal Customers
13503,2025-04-19 19:27:19,1,497.73,255,2,4,5,245,At Risk
13507,2025-04-22 22:25:33,1,37.1,252,2,4,1,241,At Risk
13517,2025-11-28 23:35:06,1,128.92,32,5,4,2,542,Champions
13519,2025-05-11 22:08:37,1,358.13,233,2,4,4,244,At Risk
13541,2025-10-28 03:52:40,1,440.8,64,5,4,5,545,Champions
13542,2025-02-13 23:25:12,1,121.57,320,1,4,2,142,At Risk
13547,2025-08-30 13:18:39,1,431.15,123,4,4,4,444,Champions
13548,2025-03-22 20:30:22,1,315.51,283,2,4,3,243,At Risk
13552,2025-06-26 06:23:20,1,89.29,188,3,4,1,341,Loyal Customers
13563,2025-03-03 02:03:33,1,273.8,303,1,4,3,143,At Risk
13568,2025-08-20 01:42:22,2,105.44999999999999,133,4,5,1,451,Champions
13581,2025-02-27 11:00:29,1,330.72,307,1,4,4,144,At Risk
13582,2025-07-01 05:43:50,1,95.79,183,3,4,1,341,Loyal Customers
13584,2025-02-10 16:25:17,1,375.13,324,1,4,4,144,At Risk
13589,2025-08-20 03:16:00,1,455.62,133,4,4,5,445,Champions
13592,2025-06-30 04:48:19,1,95.72,184,3,4,1,341,Loyal Customers
13593,2025-03-03 10:17:42,2,723.69,303,1,5,5,155,At Risk
13602,2025-05-07 13:35:47,1,367.89,238,2,4,4,244,At Risk
13615,2025-07-29 11:04:25,1,139.87,155,3,4,2,342,Loyal Customers
13645,2025-12-27 10:41:54,1,364.71,4,5,4,4,544,Champions
13656,2025-06-25 06:43:03,1,130.32,189,3,4,2,342,Loyal Customers
13661,2025-12-18 09:17:29,1,168.31,13,5,4,2,542,Champions
13676,2025-06-26 05:09:44,1,351.72,188,3,4,4,344,Loyal Customers
13677,2025-05-09 10:35:23,1,273.95,236,2,4,3,243,At Risk
13678,2025-06-04 15:02:18,1,13.86,210,2,4,1,241,At Risk
13679,2025-08-21 13:04:55,2,602.56,132,4,5,5,455,Champions
13680,2025-05-12 16:58:39,1,373.56,233,2,4,4,244,At Risk
13684,2025-10-25 02:39:19,1,259.35,67,5,4,3,543,Champions
13691,2025-09-26 15:06:59,1,71.57,96,4,4,1,441,Champions
13702,2025-09-12 05:13:00,1,434.21,110,4,4,5,445,Champions
13707,2025-09-11 18:52:28,1,380.56,110,4,4,4,444,Champions
13712,2025-10-24 01:28:41,1,433.51,68,5,4,5,545,Champions
13713,2025-02-09 22:31:34,1,367.43,324,1,4,4,144,At Risk
13716,2025-11-21 01:40:59,2,563.74,40,5,5,5,555,Champions
13717,2025-11-30 06:55:33,2,524.02,31,5,5,5,555,Champions
13722,2025-04-25 09:24:41,1,401.72,250,2,4,4,244,At Risk
13747,2025-12-30 17:22:30,1,92.66,1,5,4,1,541,Champions
13750,2025-10-18 06:10:22,2,248.85,74,4,5,3,453,Champions
13759,2025-06-14 14:02:38,1,249.09,200,3,4,3,343,Loyal Customers
13761,2025-08-18 09:03:16,2,527.46,135,4,5,5,455,Champions
13763,2025-12-13 09:47:33,1,18.35,18,5,4,1,541,Champions
13770,2025-12-14 17:19:16,1,63.39,17,5,4,1,541,Champions
13771,2025-09-02 09:42:32,1,255.57,120,4,4,3,443,Champions
13778,2025-08-15 04:56:06,1,385.27,138,3,4,4,344,Loyal Customers
13779,2025-03-23 07:52:56,1,278.67,283,2,4,3,243,At Risk
13790,2025-05-17 12:38:32,1,15.7,228,2,4,1,241,At Risk
13797,2025-03-18 14:11:57,1,26.39,288,1,4,1,141,At Risk
13799,2025-07-08 06:57:20,1,487.26,176,3,4,5,345,Loyal Customers
13814,2025-06-21 03:57:49,1,147.64,193,3,4,2,342,Loyal Customers
13816,2025-08-08 23:31:24,1,457.9,144,3,4,5,345,Loyal Customers
13831,2025-01-20 09:44:52,1,398.18,345,1,4,4,144,At Risk
13839,2025-04-06 12:03:33,1,277.23,269,2,4,3,243,At Risk
13850,2025-09-09 18:53:20,1,467.15,112,4,4,5,445,Champions
13859,2025-02-08 17:08:13,1,211.34,326,1,4,2,142,At Risk
13864,2025-06-27 07:10:55,1,467.2,187,3,4,5,345,Loyal Customers
13865,2025-02-09 22:37:40,1,126.08,324,1,4,2,142,At Risk
13872,2025-07-20 00:22:10,1,210.77,164,3,4,2,342,Loyal Customers
13875,2025-04-20 11:34:30,1,209.95,255,2,4,2,242,At Risk
13878,2025-10-25 11:34:27,1,233.03,67,5,4,3,543,Champions
13890,2025-06-09 11:34:03,1,454.98,205,2,4,5,245,At Risk
13898,2025-01-23 17:09:37,1,439.9,342,1,4,5,145,At Risk
13900,2025-07-14 08:30:38,1,217.93,170,3,4,2,342,Loyal Customers
13901,2025-06-04 06:06:05,2,186.38,210,2,5,2,252,At Risk
13906,2025-03-18 00:41:35,1,248.71,288,1,4,3,143,At Risk
13911,2025-03-09 20:23:06,1,35.34,296,1,4,1,141,At Risk
13913,2025-07-19 05:28:32,1,259.6,165,3,4,3,343,Loyal Customers
13915,2025-04-17 22:48:59,1,110.05,257,2,4,1,241,At Risk
13918,2025-05-05 08:15:19,1,55.57,240,2,4,1,241,At Risk
13931,2025-03-29 14:52:29,1,128.2,277,2,4,2,242,At Risk
13934,2025-06-29 17:28:52,1,166.3,184,3,4,2,342,Loyal Customers
13960,2025-12-11 15:30:56,1,49.61,20,5,4,1,541,Champions
13965,2025-12-16 18:32:22,1,132.12,14,5,4,2,542,Champions
13967,2025-05-20 10:44:54,1,499.38,225,2,4,5,245,At Risk
13968,2025-04-22 20:44:05,1,454.08,252,2,4,5,245,At Risk
13972,2025-10-15 08:43:02,1,323.34,77,4,4,3,443,Champions
13974,2025-07-30 15:51:34,1,182.25,154,3,4,2,342,Loyal Customers
13981,2025-12-01 21:01:39,1,255.8,29,5,4,3,543,Champions
13989,2025-06-08 07:32:55,1,142.01,206,2,4,2,242,At Risk
13990,2025-05-03 10:31:10,1,360.71,242,2,4,4,244,At Risk
13994,2025-08-25 10:25:26,1,154.82,128,4,4,2,442,Champions
13996,2025-12-10 12:47:19,1,12.41,21,5,4,1,541,Champions
14000,2025-07-11 00:49:08,1,498.4,173,3,4,5,345,Loyal Customers
14001,2025-01-31 09:21:06,1,347.39,334,1,4,4,144,At Risk
14002,2025-07-18 03:43:17,1,369.69,166,3,4,4,344,Loyal Customers
14006,2025-05-06 08:42:53,1,230.96,239,2,4,3,243,At Risk
14010,2025-08-30 15:23:04,1,64.41,123,4,4,1,441,Champions
14015,2025-01-01 23:03:52,1,181.88,363,1,4,2,142,At Risk
14017,2025-10-19 01:22:08,1,154.65,73,4,4,2,442,Champions
14020,2025-12-02 16:10:56,1,214.37,29,5,4,2,542,Champions
14026,2025-10-16 16:55:08,1,49.98,76,4,4,1,441,Champions
14030,2025-09-08 17:32:56,1,430.7,113,4,4,4,444,Champions
14032,2025-12-27 21:16:37,1,108.5,3,5,4,1,541,Champions
14033,2025-07-28 20:20:15,1,255.49,155,3,4,3,343,Loyal Customers
14037,2025-11-14 21:05:04,1,101.25,46,5,4,1,541,Champions
14039,2025-07-10 12:37:20,1,74.34,174,3,4,1,341,Loyal Customers
14042,2025-03-18 05:25:38,1,50.36,288,1,4,1,141,At Risk
14070,2025-09-05 10:00:17,1,322.24,117,4,4,3,443,Champions
14074,2025-04-20 06:16:08,1,109.0,255,2,4,1,241,At Risk
14076,2025-08-25 06:24:36,1,188.72,128,4,4,2,442,Champions
14081,2025-10-16 18:16:48,1,76.49,75,4,4,1,441,Champions
14087,2025-12-19 15:01:30,1,264.28,12,5,4,3,543,Champions
14091,2025-05-01 07:39:27,1,74.7,244,2,4,1,241,At Risk
14105,2025-09-28 03:13:03,1,209.27,94,4,4,2,442,Champions
14115,2025-11-24 15:43:50,1,111.44,37,5,4,1,541,Champions
14119,2025-06-24 18:11:06,1,451.57,189,3,4,5,345,Loyal Customers
14124,2025-01-22 16:45:34,1,297.96,343,1,4,3,143,At Risk
14126,2025-01-09 04:48:39,1,197.1,356,1,4,2,142,At Risk
14128,2025-12-19 18:48:07,1,471.16,11,5,4,5,545,Champions
14130,2025-09-25 11:32:42,2,646.98,97,4,5,5,455,Champions
14145,2025-09-27 03:53:11,1,444.55,95,4,4,5,445,Champions
14152,2025-11-06 01:53:00,1,433.0,55,5,4,5,545,Champions
14161,2025-09-02 05:22:33,1,147.41,120,4,4,2,442,Champions
14163,2025-07-13 16:01:03,1,305.16,171,3,4,3,343,Loyal Customers
14169,2025-11-08 06:38:37,1,189.27,53,5,4,2,542,Champions
14170,2025-10-04 19:20:06,2,923.36,87,4,5,5,455,Champions
14177,2025-11-17 16:29:10,1,311.22,44,5,4,3,543,Champions
14189,2025-06-22 03:00:10,1,301.96,192,3,4,3,343,Loyal Customers
14197,2025-10-03 20:09:47,1,180.42,88,4,4,2,442,Champions
14206,2025-09-24 15:04:00,1,243.09,98,4,4,3,443,Champions
14211,2025-02-25 10:40:05,1,213.79,309,1,4,2,142,At Risk
14215,2025-09-17 17:59:40,1,134.59,104,4,4,2,442,Champions
14218,2025-05-05 13:42:00,1,90.57,240,2,4,1,241,At Risk
14219,2025-12-10 16:36:15,1,244.99,21,5,4,3,543,Champions
14228,2025-10-27 14:26:19,1,323.74,65,5,4,3,543,Champions
14231,2025-08-05 09:39:07,1,193.17,148,3,4,2,342,Loyal Customers
14236,2025-11-16 02:14:21,1,116.18,45,5,4,2,542,Champions
14237,2025-09-01 23:31:38,1,383.78,120,4,4,4,444,Champions
14240,2025-01-31 08:18:27,1,290.32,334,1,4,3,143,At Risk
14241,2025-11-19 06:19:34,1,211.33,42,5,4,2,542,Champions
14250,2025-05-25 08:21:34,2,546.7,220,2,5,5,255,At Risk
14256,2025-10-05 16:16:11,1,362.78,87,4,4,4,444,Champions
14257,2025-07-31 13:22:19,1,425.21,153,3,4,4,344,Loyal Customers
14263,2025-01-30 00:50:20,1,51.46,335,1,4,1,141,At Risk
14276,2025-09-17 17:49:52,1,232.82,104,4,4,3,443,Champions
14278,2025-08-19 05:01:42,1,173.43,134,4,4,2,442,Champions
14297,2025-10-26 17:17:28,1,116.26,66,5,4,2,542,Champions
14302,2025-03-02 01:22:58,1,341.29,304,1,4,4,144,At Risk
14310,2025-11-07 17:58:31,2,555.19,53,5,5,5,555,Champions
14311,2025-01-03 13:32:33,1,116.02,362,1,4,2,142,At Risk
14313,2025-09-05 01:00:05,1,184.01,117,4,4,2,442,Champions
14331,2025-02-10 04:29:19,1,15.84,324,1,4,1,141,At Risk
14334,2025-05-16 21:00:27,1,79.8,228,2,4,1,241,At Risk
14336,2025-12-13 07:15:03,1,228.35,18,5,4,2,542,Champions
14337,2025-08-07 12:25:02,1,436.73,146,3,4,5,345,Loyal Customers
14344,2025-12-05 15:59:22,1,399.84,26,5,4,4,544,Champions
14345,2025-10-14 04:38:20,1,432.97,78,4,4,4,444,Champions
14346,2025-09-07 07:23:39,1,56.4,115,4,4,1,441,Champions
14352,2025-05-05 02:02:39,1,231.72,240,2,4,3,243,At Risk
14358,2025-08-27 16:42:58,1,136.28,126,4,4,2,442,Champions
14370,2025-04-29 06:30:22,1,412.28,246,2,4,4,244,At Risk
14376,2025-04-03 20:35:04,1,342.8,271,2,4,4,244,At Risk
14378,2025-01-31 11:00:02,1,497.82,334,1,4,5,145,At Risk
14380,2025-10-17 17:28:38,1,13.01,74,4,4,1,441,Champions
14382,2025-05-19 20:19:31,1,413.66,225,2,4,4,244,At Risk
14383,2025-05-30 03:30:53,1,173.9,215,2,4,2,242,At Risk
14384,2025-11-01 14:52:01,1,154.99,60,5,4,2,542,Champions
14389,2025-02-13 09:25:57,1,247.57,321,1,4,3,143,At Risk
14391,2025-12-05 18:07:33,1,13.59,25,5,4,1,541,Champions
14392,2025-02-07 07:22:31,1,411.26,327,1,4,4,144,At Risk
14394,2025-04-19 16:30:03,1,333.79,256,2,4,4,244,At Risk
14396,2025-04-29 21:26:21,1,119.8,245,2,4,2,242,At Risk
14405,2025-01-14 06:47:02,1,87.88,351,1,4,1,141,At Risk
14406,2025-02-03 19:56:09,1,449.45,330,1,4,5,145,At Risk
14423,2025-04-22 02:00:10,1,440.08,253,2,5,5,255,At Risk
14425,2025-07-01 03:11:47,1,455.49,183,3,5,5,355,Loyal Customers
14433,2025-04-27 17:34:27,1,194.69,247,2,5,2,252,At Risk
14439,2025-12-21 13:51:15,1,330.55,10,5,5,4,554,Champions
14463,2025-01-09 00:36:53,1,306.61,356,1,5,3,153,At Risk
14465,2025-01-09 08:45:48,1,298.04,356,1,5,3,153,At Risk
14467,2025-02-07 08:06:19,1,398.68,327,1,5,4,154,At Risk
14472,2025-08-01 13:23:46,1,423.12,152,3,5,4,354,Loyal Customers
14483,2025-11-03 06:56:04,1,214.61,58,5,5,2,552,Champions
14484,2025-08-26 09:24:39,1,423.85,127,4,5,4,454,Champions
14487,2025-11-01 12:30:57,1,220.06,60,5,5,2,552,Champions
14500,2025-01-05 02:58:24,1,266.65,360,1,5,3,153,At Risk
14504,2025-10-23 07:45:01,2,514.8299999999999,69,5,5,5,555,Champions
14505,2025-07-12 00:42:43,1,378.09,172,3,5,4,354,Loyal Customers
14507,2025-05-12 00:35:50,1,244.61,233,2,5,3,253,At Risk
14511,2025-04-21 06:51:32,1,482.83,254,2,5,5,255,At Risk
14527,2025-12-11 03:52:49,1,104.43,20,5,5,1,551,Champions
14540,2025-03-14 21:17:49,1,372.44,291,1,5,4,154,At Risk
14542,2025-07-15 13:23:48,1,274.93,169,3,5,3,353,Loyal Customers
14544,2025-08-18 11:51:03,2,102.2,135,4,5,1,451,Champions
14547,2025-01-03 09:51:41,1,282.09,362,1,5,3,153,At Risk
14557,2025-11-28 13:01:39,3,497.45,33,5,5,5,555,Champions
14562,2025-05-29 18:42:15,1,269.91,215,2,5,3,253,At Risk
14578,2025-12-12 12:45:54,2,869.08,19,5,5,5,555,Champions
14584,2025-05-16 18:51:36,1,362.81,228,2,5,4,254,At Risk
14586,2025-11-10 12:58:45,1,487.44,51,5,5,5,555,Champions
14587,2025-05-07 13:00:29,1,423.26,238,2,5,4,254,At Risk
14588,2025-03-12 04:53:39,1,422.4,294,1,5,4,154,At Risk
14593,2025-08-21 16:29:00,1,274.47,132,4,5,3,453,Champions
14596,2025-11-25 08:53:29,1,277.25,36,5,5,3,553,Champions
14603,2025-10-06 04:10:37,1,120.64,86,4,5,2,452,Champions
14606,2025-06-20 19:32:37,1,38.16,193,3,5,1,351,Loyal Customers
14607,2025-08-02 13:13:41,1,450.44,151,3,5,5,355,Loyal Customers
14623,2025-04-20 02:25:58,1,427.81,255,2,5,4,254,At Risk
14627,2025-02-09 11:00:14,1,291.19,325,1,5,3,153,At Risk
14628,2025-04-26 17:42:41,1,132.76,248,2,5,2,252,At Risk
14629,2025-03-19 19:12:45,1,219.98,286,1,5,2,152,At Risk
14643,2025-01-11 00:53:45,1,438.85,354,1,5,5,155,At Risk
14647,2025-07-25 06:07:36,1,130.96,159,3,5,2,352,Loyal Customers
14670,2025-08-11 18:49:22,2,756.96,141,3,5,5,355,Loyal Customers
14681,2025-01-23 01:20:52,1,367.94,342,1,5,4,154,At Risk
14685,2025-08-18 05:22:21,1,476.3,135,4,5,5,455,Champions
14689,2025-08-28 15:02:45,1,313.15,125,4,5,3,453,Champions
14693,2025-03-23 19:41:52,1,410.14,282,2,5,4,254,At Risk
14698,2025-05-02 19:25:19,1,244.01,242,2,5,3,253,At Risk
14709,2025-07-24 00:58:37,1,181.46,160,3,5,2,352,Loyal Customers
14720,2025-01-19 15:24:30,1,185.41,346,1,5,2,152,At Risk
14727,2025-07-20 23:22:06,1,230.82,163,3,5,3,353,Loyal Customers
14729,2025-10-28 10:22:18,1,44.33,64,5,5,1,551,Champions
14731,2025-12-25 21:38:48,2,306.69,5,5,5,3,553,Champions
14736,2025-07-02 19:39:57,1,469.67,181,3,5,5,355,Loyal Customers
14740,2025-04-04 08:06:25,1,467.44,271,2,5,5,255,At Risk
14749,2025-08-18 03:50:42,1,312.48,135,4,5,3,453,Champions
14754,2025-12-16 04:53:57,1,318.65,15,5,5,3,553,Champions
14761,2025-01-02 11:02:23,1,467.53,363,1,5,5,155,At Risk
14767,2025-09-25 11:49:38,1,412.2,97,4,5,4,454,Champions
14769,2025-05-09 22:36:36,1,12.8,235,2,5,1,251,At Risk
14770,2025-02-13 15:31:22,1,12.0,321,1,5,1,151,At Risk
14780,2025-08-05 00:37:41,1,63.0,148,3,5,1,351,Loyal Customers
14781,2025-11-23 02:36:26,1,131.85,38,5,5,2,552,Champions
14787,2025-01-28 13:16:59,1,286.94,337,1,5,3,153,At Risk
14788,2025-06-09 23:04:55,1,158.29,204,3,5,2,352,Loyal Customers
14795,2025-03-15 02:36:29,1,112.83,291,1,5,1,151,At Risk
14802,2025-07-19 14:54:23,1,110.13,165,3,5,1,351,Loyal Customers
14807,2025-02-23 14:31:51,1,228.47,311,1,5,3,153,At Risk
14820,2025-04-24 01:32:31,1,26.77,251,2,5,1,251,At Risk
14826,2025-04-13 02:44:09,1,308.3,262,2,5,3,253,At Risk
14830,2025-04-24 05:00:53,1,66.99,251,2,5,1,251,At Risk
14836,2025-10-22 03:54:37,1,444.49,70,4,5,5,455,Champions
14843,2025-06-12 23:29:00,1,479.87,201,3,5,5,355,Loyal Customers
14846,2025-11-29 04:12:51,1,235.75,32,5,5,3,553,Champions
14848,2025-08-27 22:04:48,1,404.69,125,4,5,4,454,Champions
14853,2025-07-16 12:07:05,1,441.69,168,3,5,5,355,Loyal Customers
14859,2025-04-13 01:45:46,1,263.53,262,2,5,3,253,At Risk
14867,2025-10-01 20:32:18,1,170.65,90,4,5,2,452,Champions
14873,2025-07-17 13:12:01,1,499.39,167,3,5,5,355,Loyal Customers
14874,2025-04-29 06:00:31,1,337.06,246,2,5,4,254,At Risk
14885,2025-10-30 20:58:44,2,371.27,61,5,5,4,554,Champions
14887,2025-12-05 11:16:02,1,300.25,26,5,5,3,553,Champions
14895,2025-12-16 00:19:20,1,472.68,15,5,5,5,555,Champions
14896,2025-04-20 18:03:48,1,283.34,254,2,5,3,253,At Risk
14898,2025-05-01 17:38:27,1,311.64,243,2,5,3,253,At Risk
14900,2025-09-01 11:26:48,1,104.32,121,4,5,1,451,Champions
14903,2025-01-28 14:29:56,1,132.43,337,1,5,2,152,At Risk
14904,2025-12-10 03:50:12,1,482.19,21,5,5,5,555,Champions
14906,2025-07-30 12:16:47,1,459.91,154,3,5,5,355,Loyal Customers
14911,2025-09-01 19:22:23,1,450.68,120,4,5,5,455,Champions
14916,2025-02-26 03:24:32,1,492.54,308,1,5,5,155,At Risk
14919,2025-12-10 01:19:11,1,49.23,21,5,5,1,551,Champions
14929,2025-12-17 03:34:58,1,236.15,14,5,5,3,553,Champions
14932,2025-02-07 03:13:46,1,245.57,327,1,5,3,153,At Risk
14952,2025-09-09 18:53:59,1,487.95,112,4,5,5,455,Champions
14958,2025-11-17 15:04:09,1,210.76,44,5,5,2,552,Champions
14960,2025-10-21 12:10:25,1,377.16,71,4,5,4,454,Champions
14970,2025-06-03 23:20:21,1,226.58,210,2,5,2,252,At Risk
14975,2025-09-25 20:40:08,1,220.31,96,4,5,2,452,Champions
14978,2025-04-10 07:53:12,2,351.38,265,2,5,4,254,At Risk
14985,2025-06-15 11:48:51,1,84.64,199,3,5,1,351,Loyal Customers
14993,2025-06-30 06:18:47,1,210.46,184,3,5,2,352,Loyal Customers
14996,2025-10-27 14:10:27,1,448.2,65,5,5,5,555,Champions
